id,Name,image-date,Infrastructure,Source,File Path,notes,is part of,Events,File,Ecosystem
1,1978-80. Images of the drilling rig at El Borma,,,,,,,,,
2,Valutazione delle riserve al 31-3-1966,31/03/1966,El Borma,Mappa campo di El Borma per livelli,/Users/camillafalanesca/Databases/infrastructures/images/AGIP_RP_MIS_B41_0221.png,,,,,
4,Valutazione delle riserve al 31-3-1966 (2),31/03/1966,El Borma,Mappa Geological Campo di El Borma,/Users/camillafalanesca/Databases/infrastructures/images/AGIP_RP_MIS_B41_0222.png,,Valutazione delle riserve al 31-3-1966,,,
3,Campo di El Borma: Sezione Geologica nel Pool Petrolifero,31/03/1966,El Borma,Mappa Geological Campo di El Borma,/Users/camillafalanesca/Databases/infrastructures/images/AGIP_RP_MIS_B41_019.png,,,,Screenshot 2026-05-23 at 4.55.33PM.png (http://localhost/media/user_files/Ts7HLf3b0dyig51c2khGOORkjFaaZZog_819436ed5f49a76de9a79eacb897989ea023f4781be78e143689bc4459ea6d5d.png),
5,Access road construction,01/01/1963,El Borma,1963_Appunti a mano su attività esplorativa della SITEP 1961-1963,github/ENI_AF_B4_F301_09.jpeg,,,Infrastructure - access road and airstrip,ENI_AF_B4_F301_09.jpeg (http://localhost/media/user_files/0RhYIUm7JDsX20z98i4DYHb9r2Xi0RJB_3e40d6c996f028ec7a8da4e95a9b89cfd193f3e7325460a8acd651db8e870794.jpeg),
6,Access road construction (2),01/01/1963,El Borma,1963_Appunti a mano su attività esplorativa della SITEP 1961-1963,github/ENI_AF_B4_F301_22.jpeg,,Access road construction,Infrastructure - access road and airstrip,ENI_AF_B4_F301_022.jpeg (http://localhost/media/user_files/IVD747uKTG5GGDfch5JbgiPQq643PlyC_09749b6d1a7af44f035d9efe64a57361a71034c6178189cd87304209430eb2a0.jpeg),
7,Access road construction (3),01/01/1963,El Borma,1963_Appunti a mano su attività esplorativa della SITEP 1961-1963,github/ENI_AF_B4_F301_26.jpeg,,Access road construction,Infrastructure - access road and airstrip,ENI_AF_B4_F301_026.jpeg (http://localhost/media/user_files/zvKo5woKTOaskYINeFP01PdVqIwOmlDN_f35dd7d0fa2af8f5047bcf114653d81438f4c184a4fa8e20f24c69fe4bc04734.jpeg),
8,Access road construction (4),01/01/1963,El Borma,1963_Appunti a mano su attività esplorativa della SITEP 1961-1963,github/ENI_AF_B4_F301_27.jpeg,,Access road construction,Infrastructure - access road and airstrip,ENI_AF_B4_F301_027.jpeg (http://localhost/media/user_files/zr3Gv6eC1p2scHH8nGiEivfUvV3710uw_545730b709fedd7177eab3d34089485bbba8a67299bc004df787a68ebaedcb1b.jpeg),
19,Access road construction (5),01/01/1963,El Borma,1963_Appunti a mano su attività esplorativa della SITEP 1961-1963,github/ENI_AF_B4_F301_28.jpeg,,Access road construction,Infrastructure - access road and airstrip,ENI_AF_B4_F301_028.jpeg (http://localhost/media/user_files/caBd9kbybI8Yh37zuL8WdPZIR8YQwXbY_beab9ca3825eab2d201f5132f520ef5075dc330dbcb8e02773d7cd2e0bfa6143.jpeg),
11,Border Signaling after Incident with Standard,01/03/1970,El Borma,Staffetta Quotidiana su El Borma e confini,github/ENI_AF_D4_A1_80.jpeg,,,Production - Incident with well drilling & borders,ENI_AF_D4_A1_80.jpeg (http://localhost/media/user_files/wmyKymFdQATrAGLtq1VWUimyaanR0drE_faa544a9b6ff80d09ba745400841ef6f5d90edcedbf2d8ae33ef5c566ca59e38.jpeg),
12,Border Signaling after Incident with Standard,01/03/1970,El Borma,Staffetta Quotidiana su El Borma e confini,github/ENI_AF_D4_A1_81.jpeg,,Border Signaling after Incident with Standard,Production - Incident with well drilling & borders,ENI_AF_D4_A1_81.jpeg (http://localhost/media/user_files/FFbzcnaTWDNOUy4zjXmDInTe9J8wAGDJ_0d1b974f5e5b5d18600e780b4bf5df1c96519da2226aad2acd165bde23e92e7e.jpeg),
13,Border Signaling after Incident with Standard,01/03/1970,El Borma,Staffetta Quotidiana su El Borma e confini,github/ENI_AF_D4_A1_83.jpeg,,Border Signaling after Incident with Standard,Production - Incident with well drilling & borders,ENI_AF_D4_A1_83.jpeg (http://localhost/media/user_files/445V3MJCBFBzbWmKFjd16BRS1mnEJ0Te_cfe2c9ba2e6ece5441426774e289adffcf94eeb95f935af7d82929c2f9998beb.jpeg),
16,Aerial view of temporary geological field camp (polaroid),01/01/1961,El Borma,,github/ENI_AF_D4_A1_14,,,Exploration - preliminary geological reconnaissance,ENI_AF_D4_A1_14.jpeg (http://localhost/media/user_files/kYmjK4fCpTpbZPcPvFjQU3GIy2l3xBIa_bd6136af36c6738f73bdc1d428a5fb0d8b12dd52fa02e9d0e9c4391ec088c27e.jpeg),
17,DC-3 supply aircraft and Bell 47 helicopter on desert airstrip,,El Borma,1963_Appunti a mano su attività esplorativa della SITEP 1961-1963,github/ENI_AF_D4_A1_23,,,Exploration - geological survey,ENI_AF_D4_A1_23.jpeg (http://localhost/media/user_files/UMni4SV50A8Mna03XQ58TVOm5Vv7k7Qk_8de238ac80d26ddb68b3884a2acd0af9a3c6b8e82a820828ef0485c10f846c76.jpeg),
18,Controlled explosion for seismic surveys at El Borma,01/01/1963,El Borma,1963_Appunti a mano su attività esplorativa della SITEP 1961-1963,github/ENI_AF_D4_A1_21,,,Exploration - seismic & topographic survey,ENI_AF_D4_A1_21.jpeg (http://localhost/media/user_files/JDDOhLgnyBoVzkC7C5kzqEHhTJr12RUZ_bda4daa60d5103082fd6517a128b7b61acd168a178ce0b2bba5d37dd8e15826b.jpeg),
22,View from the top of seismic surveys at El Borma,,El Borma,,ENI_AF_D4_A1_20,,Controlled explosion for seismic surveys at El Borma,Exploration - seismic & topographic survey,ENI_AF_D4_A1_20.jpeg (http://localhost/media/user_files/sT3i3cZuVIgqynZhXDmmTHaiYJDxIUhL_601e6d0759ead965914f0d168fb8aad11a6e7de1815311bf6e60ddfd8c4ff725.jpeg),
23,View from the top of seismic surveys at El Borma (2),01/01/1963,El Borma,1963_Appunti a mano su attività esplorativa della SITEP 1961-1963,,,Controlled explosion for seismic surveys at El Borma,Exploration - seismic & topographic survey,ENI_AF_D4_A1_19.jpeg (http://localhost/media/user_files/NEzDD3bvuSw3zF2fEzht6WXs1Jtd9QhZ_85c325f5b0ef5a00be9d60f6341bdcdbda75d3f9e39974010b5313bac05053bd.jpeg),
24,Aerial view of temporary geological field (2),,,,github/ENI_AF_D4_A1_13.jpeg,,Aerial view of temporary geological field camp (polaroid),Exploration - preliminary geological reconnaissance,ENI_AF_D4_A1_13.jpeg (http://localhost/media/user_files/6Sbmk2dSuP34nTWWEoJLoSmAWxTSNpMF_d031be20e56dddb975cf316737e8f04a5f7c0c330bc58f138e97ad5d76dd34ed.jpeg),
25,Drilling of Well n.1,01/01/1964,El Borma,1963_Appunti a mano su attività esplorativa della SITEP 1961-1963,github/ENI_AF_D4_A1_16,,,Exploration - drilling El Borma 1,ENI_AF_D4_A1_16.jpeg (http://localhost/media/user_files/gl0d1WQEaB6LzCD4xs7JLWtkDgDgTmdD_3a6dc6ca9859f9ae21f9fc50f7f1db91d7667756b8f422096e6c3e8c445d77f2.jpeg),
26,Drilling of Well n.1 (2),01/01/1963,El Borma,1963_Appunti a mano su attività esplorativa della SITEP 1961-1963,github/ENI_AF_D4_A1_15,,Drilling of Well n.1,Exploration - drilling El Borma 1,ENI_AF_D4_A1_15.jpeg (http://localhost/media/user_files/CgGvRgLnHVOYUX87WbjokXdmsdT2HDU6_c962708e5a9e54e7db4fa2e54d1214e5426a3fb570539389fa8217b1c3dc8537.jpeg),
27,Picture of Rig Cardwell 223 brought on site,01/01/1963,El Borma,M.700170_Prot. n.24987 - Ricerche Petrolifere in Tunisia - Richiesta aumento plafond,ENI_AF_B4_F301_033,,,Infrastructure - water drilling,ENI_AF_B4_F301_033.jpeg (http://localhost/media/user_files/1OAjX909zrGoEwNbKH9FvyN1rMeCV7ju_a0e747707cd948674bddda60b9feaa430c0c9f124ef7def371ccbf1b1e440e50.jpeg),
28,Survey for the construction of oil processing facility (polaroid),05/02/1965,El Borma,,github/ENI_AF_D4_A1_46,,,Infrastructure - topographic survey for field construction,ENI_AF_D4_A1_46.jpeg (http://localhost/media/user_files/Z2DelXeU4dzBiQwe2F54tKfln4vd0oqf_723955344dfbaf4b140241f2edff2e643b8a392f1c0102cc2326ebab4d1150ce.jpeg),
29,Survey for the construction of oil processing facility (2),05/02/1962,,,github/ ENI_AF_D4_A1_45.jpeg,,Survey for the construction of oil processing facility (polaroid),Infrastructure - topographic survey for field construction,ENI_AF_D4_A1_45.jpeg (http://localhost/media/user_files/eM3ASgh07pWZGuEPxQHYmQSTLlhOV7O8_a09015f70419a6b23ae15b3151fa816742b94cdbe5e3d01887c89f17637f42c6.jpeg),
30,Survey for construction of oil tanks at El Borma,05/02/1965,El Borma,,ENI_AF_D4_A1_49.jpeg,,Survey for the construction of oil processing facility (polaroid),Infrastructure - topographic survey for field construction,ENI_AF_D4_A1_49.jpeg (http://localhost/media/user_files/sTKpeScCjmtuCnbEgDuxrBjQBI8ay7vu_cd00963f562d666099c8524de28905c705a6238e927f693311074619ebd44109.jpeg),
31,Theodolite survey observations from elevated dune summit to locate wells,01/03/1965,El Borma,,github/ENI_AF_D4_A1_60.jpeg,,,Exploration - extension survey,ENI_AF_D4_A1_60.jpeg (http://localhost/media/user_files/Td1IhKWHkKpRZvzNIMYrVt9YzVwjUfAB_fc5342c3cc3e36000576ec27e461bfd490a25d901ca231f533175a709127f532.jpeg),
32,Elicopter incident for topographic surveys,01/03/1965,El Borma,,github/ENI_AF_D4_A1_58.jpeg,,,Exploration - extension survey,ENI_AF_D4_A1_58.jpeg (http://localhost/media/user_files/n0sDkqeaUaoa5EMK1NMsMJJ5VXQo3dBg_13effd387a4d5fdbf7d4e80a19f6cc71c595264c9a2187894f727c45627d173e.jpeg),
33,Surveyor operating tellurometer with theodolite and gravimeter on desert dune,03/01/1970,El Borma,,github/ENI_AF_D4_A1_66.jpeg,,,Exploration - extension survey,ENI_AF_D4_A1_66.jpeg (http://localhost/media/user_files/ZylKFYBMn7V0cyfTY1bAQueyLlURZWH3_e1b403c5b098d0603f8219bd1f56ce998eb68c54d36123cfae73d54c627975f6.jpeg),
34,Construction of Central Processing Facility,24/03/1966,El Borma,,github/ENI_AF_D4_A1_87.jpeg,,,Infrastructure - Central Processing Facility (CPF) construction,ENI_AF_D4_A1_87.jpeg (http://localhost/media/user_files/ADEya89ZukrzvOV5EOnsq9Z6InOmOAem_abd0e559393a149c66ceda5a5cf7fa4a5f54f529809e0fb4f6ce595b929b9774.jpeg),
35,Row of horizontal pressure vessels with valve assemblies and flow lines partially installed,24/03/1966,El Borma,,github/ENI_AF_D4_A1_86.jpeg,Likely oil/gas/water separators,Construction of Central Processing Facility,Infrastructure - Central Processing Facility (CPF) construction,ENI_AF_D4_A1_86.jpeg (http://localhost/media/user_files/CsLpMidAnbKp1pO50xkS3W6Z20M9m4A2_209053386178e8eebb686f91c3050280091fddc6b077825e2a90d4b69139dd45.jpeg),
36,Large diameter pipeline sections staged for installation with crane and operational building under construction in background,24/03/1966,El Borma,,github/ENI_AF_D4_A1_88.jpeg,,,Infrastructure - Central Processing Facility (CPF) construction,ENI_AF_D4_A1_88.jpeg (http://localhost/media/user_files/7jjYjk8A5Y5iYm9PRpkn1MU7qb9ajA0o_98fd9002f964e078c3f93e2a2aec5984099a0af5a02831f52a61d84f0ac71710.jpeg),
37,Two early storage tanks partially buried by sand with pipeline visible,24/03/1966,El Borma,,github/ENI_AF_D4_A1_89.jpeg,,Construction of Central Processing Facility,Infrastructure - Central Processing Facility (CPF) construction,ENI_AF_D4_A1_89.jpeg (http://localhost/media/user_files/P1E63fETtQSEIDcpEViAWFL7wGPigs1d_fe80f88c2aedc3377cb77a305fa4f7257fea26c17b4f0151f9936e2d7f6c8d86.jpeg),
38,Two oil storage tanks under construction with spiral external staircases and pipeline manifold at right,24/03/1966,El Borma,,github/ENI_AF_D4_A1_90.jpeg,,Construction of Central Processing Facility,Infrastructure - Central Processing Facility (CPF) construction,ENI_AF_D4_A1_90.jpeg (http://localhost/media/user_files/8tCvzXmNP4FVuXZbTghOEEAUPw7SHOpG_7cbbd640d387393dcaf751f9dc9155a599eae939757257c161d8b1a6b68077b0.jpeg),
39,"Construction of circular oil storage tank foundation: ground preparation, compaction with bulldozers, and completed rebar ring",24/03/1966,El Borma,,github/ENI_AF_D4_A1_105.jpeg,,Construction of Central Processing Facility,Infrastructure - Central Processing Facility (CPF) construction,ENI_AF_D4_A1_105.jpeg (http://localhost/media/user_files/1JbnIVqQM5gqCdjEeaVeOtiJ6YTK4TYo_6c9f9ae4d1891d583cefce2277713e1651a965d9b53cea2cc58368b4d8a80f9d.jpeg),
40,Workers and bulldozer excavating and laying reinforced concrete foundations with rebar framework,24/03/1966,El Borma,,github/ENI_AF_D4_A1_103,,Construction of Central Processing Facility,Infrastructure - Central Processing Facility (CPF) construction,ENI_AF_D4_A1_103.jpeg (http://localhost/media/user_files/1nk6BVOTTeV0VpgrXUNbzW5FhzSFuCbq_824bb740c0424a38db733b95c822993c2fe9ce52d6d6ae30037caa4445aa6fc7.jpeg),
41,Close-up aerial view of drilling rig mud system,24/03/1966,El Borma,,"Mud tanks, pumps, pipes and drilling fluid circulation equipment on rig floor","Mud tanks, pumps and circulation equipment for well EB-16",Construction of Central Processing Facility,Infrastructure - Central Processing Facility (CPF) construction,ENI_AF_D4_A1_93.jpeg (http://localhost/media/user_files/YlqyOwZW361y48XND7F8Z0htPlF5lqVW_5ee8290594d8981af5bc4d1e78377b46e2ca01acdf97cecd0e373a9a38337788.jpeg),
42,Workers laying foundations and pipeline infrastructure for the worker settlement,24/03/1966,El Borma,,github/ENI_AF_D4_A1_112.jpeg,,Construction of Central Processing Facility,Infrastructure - Central Processing Facility (CPF) construction,ENI_AF_D4_A1_112.jpeg (http://localhost/media/user_files/1UYfc75YqSgtcbvXexgzyAeNcnXAenil_abce1693218abf4943b6ca66a24a5687ce1fe0a770efe183e2a5a1a8d6414137.jpeg),
43,Two cranes (Bay City and Link-Belt) installing SITEP El Borma labelled oil/gas/water separator onto concrete foundations,24/03/1966,El Borma,,github/ENI_AF_D4_A1_128.jpeg,,Construction of Central Processing Facility,Infrastructure - Central Processing Facility (CPF) construction,ENI_AF_D4_A1_128.jpeg (http://localhost/media/user_files/jVoZDUsbYUBpiYybpxKGoXgTFbcy0JEC_16d4219c177c38b5e2033aabc52d5a9b32bea65258f719ddc7f1ebeea173aa3f.jpeg),
44,View of the oil pumping station with offices building in foreground,24/03/1966,El Borma,,github/ENI_AF_D4_A1_131,,"""Construction of circular oil storage tank foundation: ground preparation, compaction with bulldozers, and completed rebar ring""",Infrastructure - Central Processing Facility (CPF) construction,ENI_AF_D4_A1_131.jpeg (http://localhost/media/user_files/cpROO7pY2ID98jYZFx6CsiJtUu5LTeXn_b2ad60a0a7bd60e1e95de2ef1fa24563a1f6cd6a130489f4b5c60c6316388f40.jpeg),
45,Workers laying flowlines in trench with gas flare burning in background,24/03/1966,El Borma,,github/ENI_AF_D4_A1_134.jpeg,,Construction of Central Processing Facility,Infrastructure - Central Processing Facility (CPF) construction,ENI_AF_D4_A1_134.jpeg (http://localhost/media/user_files/81DviGTMWwD33p3lNd61k5wzIBc4IgpM_606fcbca6b8b6f90918c9402b3fa8886e1d5cb7ee5c5c3cdc0938ecb5ad40599.jpeg),
46,"View of the completed central processing facility showing flow line manifold, pipeline header, safety signage in Arabic and French, control cabin and storage tank S4",24/03/1966,El Borma,,github/ENI_AF_D4_A1_141.jpeg,,Construction of Central Processing Facility,Infrastructure - Central Processing Facility (CPF) construction,ENI_AF_D4_A1_141.jpeg (http://localhost/media/user_files/9AjN3bQParfvG2UDGRJoC6y2VkO8Gpp9_1462ec98034caa19b430b544b918dd8ff8bb90bc7f016c463eaced65d45fb1ce.jpeg),
47,"Oil pumping station building with electrical transformer and street lighting; black smoke from the ""Burning Pit"" visible in background",24/03/1966,El Borma,,github/ENI_AF_D4_A1_140.jpeg,"The caption of the polaroid photo says 'burning pit in the background' meaning that black smoke in the background is not an accident or incident at all. It is a controlled burning pit where waste oil, drilling residue and other hydrocarbons were deliberately burned",Construction of Central Processing Facility,Infrastructure - Central Processing Facility (CPF) construction,ENI_AF_D4_A1_140.jpeg (http://localhost/media/user_files/u9ijhFrrBBc6cIe6AhH6OoLwEntBzV39_1f23be1a98f77727c0359af0cdd6e76c591a6cb74487a2b398ed422f4e281d33.jpeg),
48,Preparation flowlines,24/03/1966,El Borma,,github/ENI_AF_D4_A1_150.jpeg,,Construction of Central Processing Facility,Infrastructure - Central Processing Facility (CPF) construction,ENI_AF_D4_A1_150.jpeg (http://localhost/media/user_files/Dg4OMRYCgnNcz0Z9b838KDCmG38uVaF9_de7e58c49b3e0076b1e8b97b97bf141bd0c4c1d8aa11abff5b7deca968690d99.jpeg),
49,Construction of foundations for oil storage tanks,26/03/1966,El Borma,,github/ENI_AF_D4_A1_157.jpeg,,Construction of Central Processing Facility,Infrastructure - Central Processing Facility (CPF) construction,ENI_AF_D4_A1_157.jpeg (http://localhost/media/user_files/snpbHeqceehoVOhKlR3iCRjOVvkh0XRI_32fd906e846d34f6bb55297e83c14b3be6f6d93e0161726398856a4e87d6a4d0.jpeg),
50,Construction pipeline El Borma - TRAPSA SP4 Pumping Station,01/01/1968,"El Borma,El Borma - Pump Station SP4 (Amenas - Skhira)",,github/ENI_AF_D4_A6_154,,,Infrastructure - Construction Pipeline El Borma - SP4 Pumping Station,ENI_AF_D4_A6_154.jpeg (http://localhost/media/user_files/H4ig6GcoRn93JUaJjg8vUCa2qnnfsMXE_845bebfdd1ad2e7116188f4610f9cb433bd75c464050ee902b2d7cbdcb4e5a6e.jpeg),
51,Doubling pipeline El Borma - SP4 Pumping Station,01/01/1970,"El Borma,El Borma - Pump Station SP4 (Amenas - Skhira)",Appunto su SITEP-TRAPSA del Ing. Faversani,github/ENI_AF_D4_A1_161,,,Infrastructure - doubling pipeline El Borma - SP4,ENI_AF_D4_A1_161.jpeg (http://localhost/media/user_files/YpW2D8imasRb7TX2HgNGyvQ4K4PZIHhC_8181ffd1f0d4480885479fb128e20b7b478ad979a5f7f5b47f177cb29a873640.jpeg),
52,Workers on doubling pipeline El Borma - SP4,01/01/1970,"El Borma,El Borma - Pump Station SP4 (Amenas - Skhira)",Appunto su SITEP-TRAPSA del Ing. Faversani,github/ENI_AF_D4_A1_177.jpeg,,Doubling pipeline El Borma - SP4 Pumping Station,Infrastructure - doubling pipeline El Borma - SP4,ENI_AF_D4_A1_177.jpeg (http://localhost/media/user_files/GB2jVxqdiMCGXQ3EIwXFvIRQSWh4F4ze_b75e6bc6d072d47e59813aabf082c826daaadeedd4954912531c23e5faa2c6e2.jpeg),
53,Workers working on doubling pipeline El Borma - SP4 (3),01/01/1970,"El Borma,El Borma - Pump Station SP4 (Amenas - Skhira)",Appunto su SITEP-TRAPSA del Ing. Faversani,github/ENI_AF_D4_A1_185.jpeg,,Doubling pipeline El Borma - SP4 Pumping Station,Infrastructure - doubling pipeline El Borma - SP4,ENI_AF_D4_A1_185.jpeg (http://localhost/media/user_files/yPxuTfYixO9K1jirCDG9eGHBRgsxGGQQ_d0a4eeabfb2302322f4ecea87b21cab2c637eb5c5d1f5ee389977b16d68ad832.jpeg),
54,Manifold of flowlines (Entry of the flowlines from different wells to the CPF),01/03/1965,El Borma,,github/ENI_AF_D4_A1_132,,Construction of Central Processing Facility,Infrastructure - Central Processing Facility (CPF) construction,ENI_AF_D4_A1_132.jpeg (http://localhost/media/user_files/0vcWzioJurB0ruqcTJs114eLwVWcOmBW_386fe63761b56263e3359054783d0581389f53d5e58b118e456672862d6e32ae.jpeg),
55,Aerial view of CPF in 1968,01/01/1968,El Borma,,github/ENI_AF_D4_A6_163.jpeg,,Construction of Central Processing Facility,Infrastructure - Central Processing Facility (CPF) construction,ENI_AF_D4_A6_163.jpeg (http://localhost/media/user_files/RBBpJeDcQynbM60O8rC0ttjzvkvQBryH_1a7e825785af81c370a8de374dba9ff255a108f6d223664d78556374ef5376fd.jpeg),
56,Workers and derrick at El Borma,01/01/1978,El Borma,,github/ENI_AF_2003_1DB_3.jpeg,,,Production - further wells drilling,ENI_AF_2003_1DB_3.jpeg (http://localhost/media/user_files/FTumGcIEXMQOa2Gteqd7wdE9fseUC9oh_8183c09345fa49559a86b79998f0f5d40b91a9ba10363cae049beec355c67029.jpeg),
57,Workers and a derrick at El Borma (2),01/01/1978,El Borma,,github/ENI_AF_2003_1DB_8.jpeg,,,Production - further wells drilling,ENI_AF_2003_1DB_8.jpeg (http://localhost/media/user_files/sfU9QI1qGf2r6j3mM8HxKGqw7RO8ZIXC_ba8066b7a8b8a748ea4c806fd20da2ca9ce1e16d01110fadc528af5b7537bfe4.jpeg),
58,SITEP Workers and derrick at El Borma (3),01/01/1978,El Borma,,github/ENI_AF_2003_1DB_1.jpeg,,,Production - further wells drilling,ENI_AF_2003_1DB_1.jpeg (http://localhost/media/user_files/1y4aDfFEHdm3Zk4xoYQiiAvf5RxDPqSX_d40e69421ed9dff499bde096a30ae4302b4a7916a6d8f16d2335023ba387cd66.jpeg),
59,Derrick among the dunes,01/01/1978,El Borma,,github/ENI_AF_2003_1DB_2.jpeg,,,Production - further wells drilling,ENI_AF_2003_1DB_2.jpeg (http://localhost/media/user_files/q015LRHNzdKNx5PjSc8BUIKFVm7lJsN7_cb066f39360d0e904df49393cdb6c9f8ef18e6632c3187eddf1925b028aa3c7a.jpeg),
60,Burning waste pits at El Borma,01/01/1978,El Borma,,github/ENI_AF_2003_1DB_10.jpeg,,,Production - further wells drilling,ENI_AF_2003_1DB_10.jpeg (http://localhost/media/user_files/U3ffL8RBoA3K0mXW56e0iCgZXmQHTpRb_718dcb540f85fe84f36fae05d716db9e92fb81055a829f33a71d56066f1fe39e.jpeg),
64,Burning waste at  El Borma (3),26/03/1966,El Borma,,github/ENI_AF_D4_A1_142.jpeg,,,Production - further wells drilling,ENI_AF_D4_A1_142.jpeg (http://localhost/media/user_files/qjewl3CWlUL7yrj7mc4BrneTtfJ1ayuH_50c37c7deff4cdd277931bee393a8e24f1641cd6a1e06a2bef4b0ec3b32dd65d.jpeg),
61,Waste Pits at El Borma,01/01/1978,El Borma,,github/ENI_AF_2003_1DB_13.jpeg,,,Production - further wells drilling,ENI_AF_2003_1DB_13.jpeg (http://localhost/media/user_files/PXnmUmlUzGwkSbQvVEDn6oHbjSrMv7XV_043a94cfe12fc64e2f43a394f80ad60bad7bb669f63047b57e6684c5d934d54c.jpeg),Toxic sludge from waste pits
62,Waste Pits at El Borma (2),01/01/1978,El Borma,,github/ENI_AF_2003_1DB_15.jpeg,,,Production - further wells drilling,ENI_AF_2003_1DB_15.jpeg (http://localhost/media/user_files/rZxtwLPSWVlCPy1mA5jHRCZRz89e0fQG_7ed2c747c72be73cfc6ea5a742438066dd4bd5ec9e6f349a09c89529be3e9bda.jpeg),Toxic sludge from waste pits
65,Camels around pipeline El Borma - SP4 Pumping Station,01/01/1968,"El Borma,El Borma - Pump Station SP4 (Amenas - Skhira)",,github/ENI_AF_D4_A1_199.jpeg,,,"Infrastructure - Construction Pipeline El Borma - SP4 Pumping Station,Infrastructure - doubling pipeline El Borma - SP4",ENI_AF_D4_A1_199.jpeg (http://localhost/media/user_files/C6shfncG9nvZJVszCHYjkEK2vD41hA3Z_5417962e9398cbcea15e4f10e03a69bc392f4ad6d576785dadb9250fc97471ed.jpeg),Linear Infrastructures alter desert ecology
66,Camels & Herders around pipeline construction El Borma - SP4,,"El Borma,El Borma - Pump Station SP4 (Amenas - Skhira)",,ENI_AF_D4_A1_197.jpeg,,,Infrastructure - doubling pipeline El Borma - SP4,ENI_AF_D4_A1_197.jpeg (http://localhost/media/user_files/VGKotNAJZQoBlBbZO0ytPGhovDWYJsMY_c44bf043ec863f372be4ef254255620ce5e3da1586ef6ec4187cdb212c21662c.jpeg),Linear Infrastructures alter desert ecology
67,Camels and Herders around the pipeline,01/01/1970,"El Borma,El Borma - Pump Station SP4 (Amenas - Skhira)",,ENI_AF_D4_A1_159.jpeg,,,Infrastructure - doubling pipeline El Borma - SP4,ENI_AF_D4_A1_159.jpeg (http://localhost/media/user_files/MswUH7neOmaFEzLLirO7rXn8ACAYrfc3_9ae49d025a4602a51430d47c99e43a414efdcf28e04f9fcebcd56a8164e9857f.jpeg),Linear Infrastructures alter desert ecology
68,Herders and camels around El Borma pipeline,01/01/1970,"El Borma,El Borma - Pump Station SP4 (Amenas - Skhira)",,ENI_AF_D4_A1_148.jpeg,,,Infrastructure - doubling pipeline El Borma - SP4,ENI_AF_D4_A1_148.jpeg (http://localhost/media/user_files/ZiO20bUNneosR81UMCVg9cdjv0cG0t4e_6390b52895865ebb02c6aeac076806b923f3dd5a9e94056bcf43337dfa04847b.jpeg),Linear Infrastructures alter desert ecology
